"Term","Overlap","P.value","Adjusted.P.value","Old.P.value","Old.Adjusted.P.value","Odds.Ratio","Combined.Score","Genes"
"Signaling By NTRK2 (TRKB) R-HSA-9006115","4/23",0.00150538694325077,0.403720167057907,0,0,9.36961994964633,60.8903989070539,"NTF4;NTRK2;NTF3;GRIN2B"
"Melanin Biosynthesis R-HSA-5662702","2/5",0.00468296084068693,0.403720167057907,0,0,29.5600907029478,158.555144966848,"OCA2;DCT"
"NGF-independant TRKA Activation R-HSA-187024","2/5",0.00468296084068693,0.403720167057907,0,0,29.5600907029478,158.555144966848,"NTRK2;ADCYAP1R1"
"Activated NTRK2 Signals Thru FYN R-HSA-9032500","2/6",0.00692175224100861,0.403720167057907,0,0,22.1689342403628,110.248023763495,"NTRK2;GRIN2B"
"Activated NTRK2 Signals Thru PI3K R-HSA-9028335","2/6",0.00692175224100861,0.403720167057907,0,0,22.1689342403628,110.248023763495,"NTF4;NTRK2"
"Activated NTRK3 Signals Thru PI3K R-HSA-9603381","2/6",0.00692175224100861,0.403720167057907,0,0,22.1689342403628,110.248023763495,"NTRK3;NTF3"
"Activation Of TRKA Receptors R-HSA-187015","2/6",0.00692175224100861,0.403720167057907,0,0,22.1689342403628,110.248023763495,"NTRK2;ADCYAP1R1"
"Defective B3GALTL Causes PpS R-HSA-5083635","4/37",0.00880282119152648,0.403720167057907,0,0,5.39076413336094,25.512777873013,"ADAMTS5;ADAMTS18;ADAMTS8;ADAMTS9"
"Activated NTRK2 Signals Thru RAS R-HSA-9026519","2/7",0.00954904896297951,0.403720167057907,0,0,17.7342403628118,82.4875154153735,"NTF4;NTRK2"
"Activated NTRK3 Signals Thru RAS R-HSA-9034864","2/7",0.00954904896297951,0.403720167057907,0,0,17.7342403628118,82.4875154153735,"NTRK3;NTF3"
"Erythrocytes Take Up Oxygen And Release Carbon Dioxide R-HSA-1247673","2/7",0.00954904896297951,0.403720167057907,0,0,17.7342403628118,82.4875154153735,"CA1;RHAG"
"O-glycosylation Of TSR Domain-Containing Proteins R-HSA-5173214","4/38",0.00966994412114748,0.403720167057907,0,0,5.23194425834115,24.2695911674635,"ADAMTS5;ADAMTS18;ADAMTS8;ADAMTS9"
"Activated NTRK2 Signals Thru FRS2 And FRS3 R-HSA-9028731","2/9",0.0158968498609713,0.612640136949741,0,0,12.6660187884678,52.4580180023469,"NTF4;NTRK2"
"Erythrocytes Take Up Carbon Dioxide And Release Oxygen R-HSA-1237044","2/11",0.0235877762578871,0.844105421800101,0,0,9.85034013605442,36.9094870635159,"CA1;RHAG"
"FOXO-mediated Transcription Of Oxidative Stress, Metabolic And Neuronal Genes R-HSA-9615017","3/29",0.0257482033757152,0.859989992748888,0,0,5.12176573426573,18.7425404928191,"PCK1;PPARGC1A;PLXNA4"
"Signaling By NTRKs R-HSA-166520","7/132",0.0277599966385654,0.86923489474508,0,0,2.49585321100917,8.94553540890259,"NTF4;NTRK2;ADCYAP1R1;TF;NTRK3;NTF3;GRIN2B"
"Sensory Processing Of Sound By Outer Hair Cells Of Cochlea R-HSA-9662361","4/53",0.029655964753043,0.873978725957326,0,0,3.62753939844731,12.7620173433892,"GSN;CDH23;KCNQ4;OTOGL"
"ERBB2 Activates PTK6 Signaling R-HSA-8847993","2/13",0.0324924933708032,0.888139718680479,0,0,8.0585446299732,27.6145871039255,"NRG2;EGFR"
"Negative Regulation Of FGFR1 Signaling R-HSA-5654726","3/33",0.0360460137704995,0.888139718680479,0,0,4.43795454545455,14.7471409823697,"KL;SPRY2;FGF10"
"ERBB2 Regulates Cell Motility R-HSA-6785631","2/15",0.0424903773232109,0.888139718680479,0,0,6.81807081807082,21.5347242582593,"NRG2;EGFR"
"GRB2 Events In ERBB2 Signaling R-HSA-1963640","2/15",0.0424903773232109,0.888139718680479,0,0,6.81807081807082,21.5347242582593,"NRG2;EGFR"
"Protein-protein Interactions At Synapses R-HSA-6794362","5/88",0.0458390584993225,0.888139718680479,0,0,2.67838477196457,8.25643910607347,"NLGN1;SYT2;NTRK3;GRIN2B;LRRC4B"
"Nucleotide-like (Purinergic) Receptors R-HSA-418038","2/16",0.0478638171743971,0.888139718680479,0,0,6.33074182053774,19.2416278375619,"GPR17;ADORA1"
"PI3K Events In ERBB2 Signaling R-HSA-1963642","2/16",0.0478638171743971,0.888139718680479,0,0,6.33074182053774,19.2416278375619,"NRG2;EGFR"
"Phospholipase C-mediated Cascade: FGFR1 R-HSA-5654219","2/16",0.0478638171743971,0.888139718680479,0,0,6.33074182053774,19.2416278375619,"KL;FGF10"
"Signaling By NTRK3 (TRKC) R-HSA-9034015","2/16",0.0478638171743971,0.888139718680479,0,0,6.33074182053774,19.2416278375619,"NTRK3;NTF3"
"FGFR1 Ligand Binding And Activation R-HSA-190242","2/16",0.0478638171743971,0.888139718680479,0,0,6.33074182053774,19.2416278375619,"KL;FGF10"
"IL-6-type Cytokine Receptor Ligand Interactions R-HSA-6788467","2/17",0.0534690029934403,0.903378095954405,0,0,5.90839002267574,17.303625206656,"CNTFR;LIFR"
"Other Semaphorin Interactions R-HSA-416700","2/19",0.0653236598396217,0.903378095954405,0,0,5.21275176737362,14.2224770465577,"SEMA6A;PLXNA4"
"Diseases Associated With O-glycosylation Of Proteins R-HSA-3906995","4/69",0.0667862838928425,0.903378095954405,0,0,2.73236376379884,7.39448006640659,"ADAMTS5;ADAMTS18;ADAMTS8;ADAMTS9"
"Smooth Muscle Contraction R-HSA-445355","3/43",0.0694964916422295,0.903378095954405,0,0,3.32676136363636,8.87073933960899,"LMOD1;MYH11;SORBS1"
"Receptor-type Tyrosine-Protein Phosphatases R-HSA-388844","2/20",0.0715487741700721,0.903378095954405,0,0,4.92290249433107,12.9835444242663,"NTRK3;LRRC4B"
"SHC-mediated cascade:FGFR1 R-HSA-5654688","2/20",0.0715487741700721,0.903378095954405,0,0,4.92290249433107,12.9835444242663,"KL;FGF10"
"Signal Transduction By L1 R-HSA-445144","2/20",0.0715487741700721,0.903378095954405,0,0,4.92290249433107,12.9835444242663,"EGFR;ITGA9"
"PI-3K cascade:FGFR1 R-HSA-5654689","2/21",0.0779568941119894,0.903378095954405,0,0,4.66356367108247,11.8995455404831,"KL;FGF10"
"SHC1 Events In ERBB2 Signaling R-HSA-1250196","2/21",0.0779568941119894,0.903378095954405,0,0,4.66356367108247,11.8995455404831,"NRG2;EGFR"
"Signaling By ERBB2 TMD/JMD Mutants R-HSA-9665686","2/21",0.0779568941119894,0.903378095954405,0,0,4.66356367108247,11.8995455404831,"NRG2;EGFR"
"FRS-mediated FGFR1 Signaling R-HSA-5654693","2/22",0.0845369008541881,0.903378095954405,0,0,4.43015873015873,10.9450045989713,"KL;FGF10"
"Sensory Processing Of Sound R-HSA-9659379","4/75",0.0849227554656819,0.903378095954405,0,0,2.50068978793032,6.16673401336557,"GSN;CDH23;KCNQ4;OTOGL"
"Signaling By FGFR1 R-HSA-5654736","3/49",0.0943644333096985,0.903378095954405,0,0,2.89194664031621,6.82670333484183,"KL;SPRY2;FGF10"
"Constitutive Signaling By Aberrant PI3K In Cancer R-HSA-2219530","4/78",0.094801492374668,0.903378095954405,0,0,2.39894108231238,5.6518335275515,"KL;NRG2;EGFR;FGF10"
"Degradation Of Extracellular Matrix R-HSA-1474228","5/109",0.0948648136420846,0.903378095954405,0,0,2.13525201966983,5.02916423882211,"ADAMTS5;CAPN11;ADAMTS18;ADAMTS8;ADAMTS9"
"Signaling By ERBB2 KD Mutants R-HSA-9664565","2/24",0.09817009136173,0.903378095954405,0,0,4.02700474129046,9.34689416863258,"NRG2;EGFR"
"Interleukin-6 Family Signaling R-HSA-6783589","2/24",0.09817009136173,0.903378095954405,0,0,4.02700474129046,9.34689416863258,"CNTFR;LIFR"
"Signaling By ERBB2 In Cancer R-HSA-1227990","2/25",0.105202992914423,0.903378095954405,0,0,3.85172039830425,8.67354869010365,"NRG2;EGFR"
"Abacavir Metabolism R-HSA-2161541","1/5",0.105961056197431,0.903378095954405,0,0,11.0593891402715,24.8248299460988,"PCK1"
"Activated NTRK2 Signals Thru CDK5 R-HSA-9032845","1/5",0.105961056197431,0.903378095954405,0,0,11.0593891402715,24.8248299460988,"NTRK2"
"PKA-mediated Phosphorylation Of Key Metabolic Factors R-HSA-163358","1/5",0.105961056197431,0.903378095954405,0,0,11.0593891402715,24.8248299460988,"MLXIPL"
"Attachment And Entry R-HSA-9678110","1/5",0.105961056197431,0.903378095954405,0,0,11.0593891402715,24.8248299460988,"ACE2"
"RUNX1 Regulates Transcription Of Genes Involved In Interleukin Signaling R-HSA-8939247","1/5",0.105961056197431,0.903378095954405,0,0,11.0593891402715,24.8248299460988,"LIFR"
"Reelin Signaling Pathway R-HSA-8866376","1/5",0.105961056197431,0.903378095954405,0,0,11.0593891402715,24.8248299460988,"VLDLR"
"Signaling By Membrane-Tethered Fusions Of PDGFRA Or PDGFRB R-HSA-9673768","1/5",0.105961056197431,0.903378095954405,0,0,11.0593891402715,24.8248299460988,"KANK1"
"Synthesis Of PI R-HSA-1483226","1/5",0.105961056197431,0.903378095954405,0,0,11.0593891402715,24.8248299460988,"PITPNM3"
"GRB7 Events In ERBB2 Signaling R-HSA-1306955","1/5",0.105961056197431,0.903378095954405,0,0,11.0593891402715,24.8248299460988,"NRG2"
"Fatty Acid Cycling Model R-HSA-167826","1/5",0.105961056197431,0.903378095954405,0,0,11.0593891402715,24.8248299460988,"SLC25A27"
"VLDL Clearance R-HSA-8964046","1/5",0.105961056197431,0.903378095954405,0,0,11.0593891402715,24.8248299460988,"VLDLR"
"Leukotriene Receptors R-HSA-391906","1/5",0.105961056197431,0.903378095954405,0,0,11.0593891402715,24.8248299460988,"GPR17"
"NR1H2 And NR1H3 Regulate Gene Expression Linked To Gluconeogenesis R-HSA-9632974","1/5",0.105961056197431,0.903378095954405,0,0,11.0593891402715,24.8248299460988,"PCK1"
"Negative Regulation Of PI3K/AKT Network R-HSA-199418","5/113",0.106385843635349,0.903378095954405,0,0,2.05574581430746,4.6062742039637,"KL;PHLPP1;NRG2;EGFR;FGF10"
"Extracellular Matrix Organization R-HSA-1474244","10/291",0.114009623793942,0.918753113408819,0,0,1.5842462995077,3.4401471377973,"ADAMTS5;CAPN11;TNXB;ADAMTS18;DMD;COL6A6;CEACAM8;ADAMTS8;ADAMTS9;ITGA9"
"PTK6 Promotes HIF1A Stabilization R-HSA-8857538","1/6",0.125768940001691,0.918753113408819,0,0,8.84705882352941,18.3426854882491,"EGFR"
"Scavenging By Class B Receptors R-HSA-3000471","1/6",0.125768940001691,0.918753113408819,0,0,8.84705882352941,18.3426854882491,"SAA2"
"FGFR1b Ligand Binding And Activation R-HSA-190370","1/6",0.125768940001691,0.918753113408819,0,0,8.84705882352941,18.3426854882491,"FGF10"
"Fibronectin Matrix Formation R-HSA-1566977","1/6",0.125768940001691,0.918753113408819,0,0,8.84705882352941,18.3426854882491,"CEACAM8"
"Mitochondrial Uncoupling R-HSA-166187","1/6",0.125768940001691,0.918753113408819,0,0,8.84705882352941,18.3426854882491,"SLC25A27"
"Neurexins And Neuroligins R-HSA-6794361","3/57",0.132221324019128,0.918753113408819,0,0,2.4625,4.98232223104492,"NLGN1;SYT2;GRIN2B"
"Downregulation Of ERBB2 Signaling R-HSA-8863795","2/29",0.134556955730548,0.918753113408819,0,0,3.28042328042328,6.57976708081829,"NRG2;EGFR"
"Signaling By Receptor Tyrosine Kinases R-HSA-9006934","15/496",0.139745996161192,0.918753113408819,0,0,1.38991975440574,2.73526313852231,"KL;NTRK2;ADCYAP1R1;NTRK3;VEGFD;NRG2;GRIN2B;EGFR;NTF4;TF;PTPRZ1;NTF3;SPRY2;COL6A6;FGF10"
"Downstream Signaling Of Activated FGFR1 R-HSA-5654687","2/30",0.142157391667252,0.918753113408819,0,0,3.16310333657272,6.17064665284812,"KL;FGF10"
"Tight Junction Interactions R-HSA-420029","2/30",0.142157391667252,0.918753113408819,0,0,3.16310333657272,6.17064665284812,"CLDN10;CLDN18"
"PP2A-mediated Dephosphorylation Of Key Metabolic Factors R-HSA-163767","1/7",0.145138940309084,0.918753113408819,0,0,7.37217194570136,14.2287620989417,"MLXIPL"
"ChREBP Activates Metabolic Gene Expression R-HSA-163765","1/7",0.145138940309084,0.918753113408819,0,0,7.37217194570136,14.2287620989417,"MLXIPL"
"Glycerophospholipid Catabolism R-HSA-6814848","1/7",0.145138940309084,0.918753113408819,0,0,7.37217194570136,14.2287620989417,"ENPP6"
"Insulin-like Growth Factor-2 mRNA Binding Proteins (IGF2BPs/IMPs/VICKZs) Bind RNA R-HSA-428359","1/7",0.145138940309084,0.918753113408819,0,0,7.37217194570136,14.2287620989417,"IGF2BP2"
"EGFR Downregulation R-HSA-182971","2/31",0.149846282951578,0.918753113408819,0,0,3.05387442333255,5.79669735490061,"SPRY2;EGFR"
"Gluconeogenesis R-HSA-70263","2/32",0.157616007606927,0.918753113408819,0,0,2.95192743764172,5.45396205136605,"ALDOC;PCK1"
"RHO GTPases Activate PKNs R-HSA-5625740","3/62",0.158146138587078,0.918753113408819,0,0,2.25323574730354,4.15549790860083,"PPP1R14A;PKN3;MYH11"
"AMPK Inhibits chREBP Transcriptional Activity R-HSA-163680","1/8",0.164080715199804,0.918753113408819,0,0,6.31868131868132,11.4203644359136,"MLXIPL"
"Regulation Of Gene Expression In Early Pancreatic Precursor Cells R-HSA-210747","1/8",0.164080715199804,0.918753113408819,0,0,6.31868131868132,11.4203644359136,"FGF10"
"EGFR Transactivation By Gastrin R-HSA-2179392","1/8",0.164080715199804,0.918753113408819,0,0,6.31868131868132,11.4203644359136,"EGFR"
"Formyl Peptide Receptors Bind Formyl Peptides And Many Other Ligands R-HSA-444473","1/8",0.164080715199804,0.918753113408819,0,0,6.31868131868132,11.4203644359136,"SAA2"
"Gain-of-function MRAS Complexes Activate RAF Signaling R-HSA-9726842","1/8",0.164080715199804,0.918753113408819,0,0,6.31868131868132,11.4203644359136,"MRAS"
"VEGF Binds To VEGFR Leading To Receptor Dimerization R-HSA-195399","1/8",0.164080715199804,0.918753113408819,0,0,6.31868131868132,11.4203644359136,"VEGFD"
"Inhibition Of Signaling By Overexpressed EGFR R-HSA-5638303","1/8",0.164080715199804,0.918753113408819,0,0,6.31868131868132,11.4203644359136,"EGFR"
"Semaphorin Interactions R-HSA-373755","3/64",0.168923238346737,0.918753113408819,0,0,2.17913561847988,3.875180575438,"SEMA6A;MYH11;PLXNA4"
"EPHB-mediated Forward Signaling R-HSA-3928662","2/34",0.173368924154649,0.918753113408819,0,0,2.7671485260771,4.84896691088602,"KALRN;GRIN2B"
"Negative Regulation Of FGFR2 Signaling R-HSA-5654727","2/34",0.173368924154649,0.918753113408819,0,0,2.7671485260771,4.84896691088602,"SPRY2;FGF10"
"FOXO-mediated Transcription R-HSA-9614085","3/65",0.174389893574209,0.918753113408819,0,0,2.14387829912023,3.74420137934157,"PCK1;PPARGC1A;PLXNA4"
"Chylomicron Remodeling R-HSA-8963901","1/9",0.182603710326196,0.918753113408819,0,0,5.52856334841629,9.40097362809046,"LPL"
"Serine Biosynthesis R-HSA-977347","1/9",0.182603710326196,0.918753113408819,0,0,5.52856334841629,9.40097362809046,"PHGDH"
"EGFR Interacts With Phospholipase C-gamma R-HSA-212718","1/9",0.182603710326196,0.918753113408819,0,0,5.52856334841629,9.40097362809046,"EGFR"
"Transcriptional Regulation By AP-2 (TFAP2) Family Of Transcription Factors R-HSA-8864260","2/36",0.189360859006,0.918753113408819,0,0,2.60410830999066,4.33349866314681,"CITED1;EGFR"
"Abacavir ADME R-HSA-2161522","1/10",0.200717163689818,0.918753113408819,0,0,4.91402714932127,7.89123230482731,"PCK1"
"PI3K Events In ERBB4 Signaling R-HSA-1250342","1/10",0.200717163689818,0.918753113408819,0,0,4.91402714932127,7.89123230482731,"NRG2"
"Activation Of PPARGC1A (PGC-1alpha) By Phosphorylation R-HSA-2151209","1/10",0.200717163689818,0.918753113408819,0,0,4.91402714932127,7.89123230482731,"PPARGC1A"
"FGFR2b Ligand Binding And Activation R-HSA-190377","1/10",0.200717163689818,0.918753113408819,0,0,4.91402714932127,7.89123230482731,"FGF10"
"Urea Cycle R-HSA-70635","1/10",0.200717163689818,0.918753113408819,0,0,4.91402714932127,7.89123230482731,"TINAGL1"
"Neurotoxicity Of Clostridium Toxins R-HSA-168799","1/10",0.200717163689818,0.918753113408819,0,0,4.91402714932127,7.89123230482731,"SYT2"
"Neurotransmitter Clearance R-HSA-112311","1/10",0.200717163689818,0.918753113408819,0,0,4.91402714932127,7.89123230482731,"MAOA"
"PI3K/AKT Signaling In Cancer R-HSA-2219528","4/105",0.20396305313015,0.918753113408819,0,0,1.75520422201673,2.79045248146613,"KL;NRG2;EGFR;FGF10"
"Apoptotic Cleavage Of Cellular Proteins R-HSA-111465","2/38",0.205540789198534,0.918753113408819,0,0,2.45918367346939,3.89070099280641,"GSN;PKP1"
"PI5P, PP2A And IER3 Regulate PI3K/AKT Signaling R-HSA-6811558","4/106",0.208562910918975,0.918753113408819,0,0,1.73790700790567,2.72419452531233,"KL;NRG2;EGFR;FGF10"
"O-linked Glycosylation R-HSA-5173105","4/107",0.213192283921326,0.918753113408819,0,0,1.72094566202977,2.65982611816797,"ADAMTS5;ADAMTS18;ADAMTS8;ADAMTS9"
"Apoptotic Cleavage Of Cell Adhesion Proteins R-HSA-351906","1/11",0.21843011000581,0.918753113408819,0,0,4.42239819004525,6.72774650859233,"PKP1"
"Pyrimidine Salvage R-HSA-73614","1/11",0.21843011000581,0.918753113408819,0,0,4.42239819004525,6.72774650859233,"UPP2"
"Regulation Of Gene Expression By Hypoxia-inducible Factor R-HSA-1234158","1/11",0.21843011000581,0.918753113408819,0,0,4.42239819004525,6.72774650859233,"HIF3A"
"Ethanol Oxidation R-HSA-71384","1/11",0.21843011000581,0.918753113408819,0,0,4.42239819004525,6.72774650859233,"ADH6"
"Regulation Of Beta-Cell Development R-HSA-186712","2/41",0.230061328929489,0.918753113408819,0,0,2.26966684109541,3.33506969603754,"MAML2;FGF10"
"P2Y Receptors R-HSA-417957","1/12",0.235751385144278,0.918753113408819,0,0,4.02015631427396,5.80903534827169,"GPR17"
"Activation Of TFAP2 (AP-2) Family Of Transcription Factors R-HSA-8866907","1/12",0.235751385144278,0.918753113408819,0,0,4.02015631427396,5.80903534827169,"CITED1"
"Pyrimidine Catabolism R-HSA-73621","1/12",0.235751385144278,0.918753113408819,0,0,4.02015631427396,5.80903534827169,"UPP2"
"Butyrophilin (BTN) Family Interactions R-HSA-8851680","1/12",0.235751385144278,0.918753113408819,0,0,4.02015631427396,5.80903534827169,"BTNL9"
"Caspase-mediated Cleavage Of Cytoskeletal Proteins R-HSA-264870","1/12",0.235751385144278,0.918753113408819,0,0,4.02015631427396,5.80903534827169,"GSN"
"Reversible Hydration Of Carbon Dioxide R-HSA-1475029","1/12",0.235751385144278,0.918753113408819,0,0,4.02015631427396,5.80903534827169,"CA1"
"GRB2 Events In EGFR Signaling R-HSA-179812","1/12",0.235751385144278,0.918753113408819,0,0,4.02015631427396,5.80903534827169,"EGFR"
"NOTCH2 Intracellular Domain Regulates Transcription R-HSA-2197563","1/12",0.235751385144278,0.918753113408819,0,0,4.02015631427396,5.80903534827169,"MAML2"
"Voltage Gated Potassium Channels R-HSA-1296072","2/43",0.24651361646715,0.918753113408819,0,0,2.15873015873016,3.02295197621909,"KCNC4;KCNQ4"
"Advanced Glycosylation Endproduct Receptor Signaling R-HSA-879415","1/13",0.252689630535636,0.918753113408819,0,0,3.68495475113122,5.068999066875,"SAA2"
"SHC1 Events In EGFR Signaling R-HSA-180336","1/13",0.252689630535636,0.918753113408819,0,0,3.68495475113122,5.068999066875,"EGFR"
"SHC1 Events In ERBB4 Signaling R-HSA-1250347","1/13",0.252689630535636,0.918753113408819,0,0,3.68495475113122,5.068999066875,"NRG2"
"Downregulation Of ERBB2:ERBB3 Signaling R-HSA-1358803","1/13",0.252689630535636,0.918753113408819,0,0,3.68495475113122,5.068999066875,"NRG2"
"FGFRL1 Modulation Of FGFR1 Signaling R-HSA-5658623","1/13",0.252689630535636,0.918753113408819,0,0,3.68495475113122,5.068999066875,"FGF10"
"TFAP2 (AP-2) Family Regulates Transcription Of Growth Factors And Their Receptors R-HSA-8866910","1/13",0.252689630535636,0.918753113408819,0,0,3.68495475113122,5.068999066875,"EGFR"
"Glycogen Synthesis R-HSA-3322077","1/13",0.252689630535636,0.918753113408819,0,0,3.68495475113122,5.068999066875,"GYG2"
"PI3K Cascade R-HSA-109704","2/44",0.25475673596261,0.918753113408819,0,0,2.10722384191772,2.88151516304155,"KL;FGF10"
"Muscle Contraction R-HSA-397014","6/196",0.268423816322476,0.918753113408819,0,0,1.39951824641696,1.8406298041397,"LMOD1;DMD;MYH11;ATP1A2;SORBS1;RYR3"
"Pentose Phosphate Pathway R-HSA-71336","1/14",0.269253297405767,0.918753113408819,0,0,3.40132265924121,4.4628847005033,"PHGDH"
"RUNX3 Regulates NOTCH Signaling R-HSA-8941856","1/14",0.269253297405767,0.918753113408819,0,0,3.40132265924121,4.4628847005033,"MAML2"
"Constitutive Signaling By EGFRvIII R-HSA-5637810","1/14",0.269253297405767,0.918753113408819,0,0,3.40132265924121,4.4628847005033,"EGFR"
"DCC Mediated Attractive Signaling R-HSA-418885","1/14",0.269253297405767,0.918753113408819,0,0,3.40132265924121,4.4628847005033,"ABLIM3"
"SEMA3A-Plexin Repulsion Signaling By Inhibiting Integrin Adhesion R-HSA-399955","1/14",0.269253297405767,0.918753113408819,0,0,3.40132265924121,4.4628847005033,"PLXNA4"
"Synthesis Of Bile Acids And Bile Salts Via 24-Hydroxycholesterol R-HSA-193775","1/14",0.269253297405767,0.918753113408819,0,0,3.40132265924121,4.4628847005033,"CYP39A1"
"Glycogen Breakdown (Glycogenolysis) R-HSA-70221","1/14",0.269253297405767,0.918753113408819,0,0,3.40132265924121,4.4628847005033,"GYG2"
"LGI-ADAM Interactions R-HSA-5682910","1/14",0.269253297405767,0.918753113408819,0,0,3.40132265924121,4.4628847005033,"LGI4"
"NR1H2 And NR1H3-mediated Signaling R-HSA-9024446","2/46",0.271254613795745,0.918753113408819,0,0,2.01123479694908,2.62405273974829,"EEPD1;PCK1"
"MAPK Family Signaling Cascades R-HSA-5683057","9/318",0.274160422151221,0.918753113408819,0,0,1.29175428392466,1.67158411832319,"KL;MRAS;CDC42EP5;NRG2;USP17L2;KALRN;GRIN2B;EGFR;FGF10"
"IRS-mediated Signaling R-HSA-112399","2/47",0.279501019426302,0.918753113408819,0,0,1.96643990929705,2.50671797470189,"KL;FGF10"
"Metabolism Of Fat-Soluble Vitamins R-HSA-6806667","2/47",0.279501019426302,0.918753113408819,0,0,1.96643990929705,2.50671797470189,"TTPA;LPL"
"Transcriptional Regulation Of White Adipocyte Differentiation R-HSA-381340","3/84",0.285126586231556,0.918753113408819,0,0,1.63939393939394,2.05714763937458,"LPL;PCK1;PPARGC1A"
"Prolactin Receptor Signaling R-HSA-1170546","1/15",0.285450650888006,0.918753113408819,0,0,3.1582094376212,3.95940332449412,"GHR"
"Signaling By ERBB2 ECD Mutants R-HSA-9665348","1/15",0.285450650888006,0.918753113408819,0,0,3.1582094376212,3.95940332449412,"EGFR"
"EPHA-mediated Growth Cone Collapse R-HSA-3928663","1/15",0.285450650888006,0.918753113408819,0,0,3.1582094376212,3.95940332449412,"MYH11"
"Eicosanoid Ligand-Binding Receptors R-HSA-391903","1/15",0.285450650888006,0.918753113408819,0,0,3.1582094376212,3.95940332449412,"GPR17"
"Glycogen Storage Diseases R-HSA-3229121","1/15",0.285450650888006,0.918753113408819,0,0,3.1582094376212,3.95940332449412,"GYG2"
"Negative Regulation Of TCF-dependent Signaling By WNT Ligand Antagonists R-HSA-3772470","1/15",0.285450650888006,0.918753113408819,0,0,3.1582094376212,3.95940332449412,"SFRP1"
"Regulation Of IGF Transport And Uptake By IGFBPs R-HSA-381426","4/123",0.290402262389543,0.918753113408819,0,0,1.48833291858885,1.84030609963929,"TF;HRC;IGFBP6;PAPPA2"
"Signaling By EGFR R-HSA-177929","2/49",0.29596923837862,0.918753113408819,0,0,1.882568630289,2.29202684512181,"SPRY2;EGFR"
"Signaling By ERBB2 R-HSA-1227986","2/49",0.29596923837862,0.918753113408819,0,0,1.882568630289,2.29202684512181,"NRG2;EGFR"
"Signaling By NOTCH3 R-HSA-9012852","2/49",0.29596923837862,0.918753113408819,0,0,1.882568630289,2.29202684512181,"MAML2;EGFR"
"Netrin-1 Signaling R-HSA-373752","2/49",0.29596923837862,0.918753113408819,0,0,1.882568630289,2.29202684512181,"ABLIM3;RGMA"
"Cell Junction Organization R-HSA-446728","3/86",0.297231293961155,0.918753113408819,0,0,1.59972617743702,1.94085926737827,"CLDN10;CLDN18;LIMS2"
"Signaling By FGFR R-HSA-190236","3/86",0.297231293961155,0.918753113408819,0,0,1.59972617743702,1.94085926737827,"KL;SPRY2;FGF10"
"Platelet Degranulation R-HSA-114608","4/125",0.300349952874949,0.918753113408819,0,0,1.46358176923511,1.76040635991355,"TF;ITIH3;CLEC3B;VEGFD"
"CRMPs In Sema3A Signaling R-HSA-399956","1/16",0.301289774240729,0.918753113408819,0,0,2.94751131221719,3.53607854218445,"PLXNA4"
"Cell-extracellular Matrix Interactions R-HSA-446353","1/16",0.301289774240729,0.918753113408819,0,0,2.94751131221719,3.53607854218445,"LIMS2"
"Regulation Of Gene Expression In Late Stage (Branching Morphogenesis) Pancreatic Bud Precursor Cells R-HSA-210744","1/16",0.301289774240729,0.918753113408819,0,0,2.94751131221719,3.53607854218445,"MAML2"
"Sema3A PAK Dependent Axon Repulsion R-HSA-399954","1/16",0.301289774240729,0.918753113408819,0,0,2.94751131221719,3.53607854218445,"PLXNA4"
"Spry Regulation Of FGF Signaling R-HSA-1295596","1/16",0.301289774240729,0.918753113408819,0,0,2.94751131221719,3.53607854218445,"SPRY2"
"VLDLR Internalisation And Degradation R-HSA-8866427","1/16",0.301289774240729,0.918753113408819,0,0,2.94751131221719,3.53607854218445,"VLDLR"
"Ion Homeostasis R-HSA-5578775","2/50",0.304183759140449,0.918753113408819,0,0,1.84325396825397,2.19369947578391,"ATP1A2;RYR3"
"Neurotransmitter Release Cycle R-HSA-112310","2/50",0.304183759140449,0.918753113408819,0,0,1.84325396825397,2.19369947578391,"MAOA;SYN2"
"IRS-related Events Triggered By IGF1R R-HSA-2428928","2/51",0.312380633248995,0.918753113408819,0,0,1.805543986302,2.10080975170061,"KL;FGF10"
"Aberrant Regulation Of Mitotic G1/S Transition In Cancer Due To RB1 Defects R-HSA-9659787","1/17",0.316778572699847,0.918753113408819,0,0,2.76315045248869,3.17638584187725,"CDKN1C"
"Activated Point Mutants Of FGFR2 R-HSA-2033519","1/17",0.316778572699847,0.918753113408819,0,0,2.76315045248869,3.17638584187725,"FGF10"
"GAB1 Signalosome R-HSA-180292","1/17",0.316778572699847,0.918753113408819,0,0,2.76315045248869,3.17638584187725,"EGFR"
"Gastrin-CREB Signaling Pathway Via PKC And MAPK R-HSA-881907","1/17",0.316778572699847,0.918753113408819,0,0,2.76315045248869,3.17638584187725,"EGFR"
"Metabolism Of Folate And Pterines R-HSA-196757","1/17",0.316778572699847,0.918753113408819,0,0,2.76315045248869,3.17638584187725,"ALDH1L1"
"Apoptotic Execution Phase R-HSA-75153","2/52",0.320556617706813,0.918753113408819,0,0,1.76934240362812,2.01297441912217,"GSN;PKP1"
"Signaling By Non-Receptor Tyrosine Kinases R-HSA-9006927","2/52",0.320556617706813,0.918753113408819,0,0,1.76934240362812,2.01297441912217,"NRG2;EGFR"
"IGF1R Signaling Cascade R-HSA-2428924","2/52",0.320556617706813,0.918753113408819,0,0,1.76934240362812,2.01297441912217,"KL;FGF10"
"Response To Elevated Platelet Cytosolic Ca2+ R-HSA-76005","4/130",0.325373225743296,0.918753113408819,0,0,1.40514155548324,1.57766816394249,"TF;ITIH3;CLEC3B;VEGFD"
"Activation Of HOX Genes During Differentiation R-HSA-5619507","3/91",0.327590581597893,0.918753113408819,0,0,1.50844524793388,1.68341083363669,"HOXA3;HOXD3;HOXA4"
"EPH-Ephrin Signaling R-HSA-2682334","3/91",0.327590581597893,0.918753113408819,0,0,1.50844524793388,1.68341083363669,"MYH11;KALRN;GRIN2B"
"Signaling By Type 1 Insulin-like Growth Factor 1 Receptor (IGF1R) R-HSA-2404192","2/53",0.32870862108068,0.918753113408819,0,0,1.73456049086301,1.92984350477506,"KL;FGF10"
"Insulin Receptor Signaling Cascade R-HSA-74751","2/53",0.32870862108068,0.918753113408819,0,0,1.73456049086301,1.92984350477506,"KL;FGF10"
"Phospholipase C-mediated Cascade; FGFR2 R-HSA-5654221","1/18",0.331924777498995,0.918753113408819,0,0,2.60047910566942,2.86793034499936,"FGF10"
"Constitutive Signaling By Ligand-Responsive EGFR Cancer Variants R-HSA-1236382","1/18",0.331924777498995,0.918753113408819,0,0,2.60047910566942,2.86793034499936,"EGFR"
"Serotonin Neurotransmitter Release Cycle R-HSA-181429","1/18",0.331924777498995,0.918753113408819,0,0,2.60047910566942,2.86793034499936,"SYN2"
"MECP2 Regulates Neuronal Receptors And Channels R-HSA-9022699","1/18",0.331924777498995,0.918753113408819,0,0,2.60047910566942,2.86793034499936,"GRIN2B"
"Metabolism Of Angiotensinogen To Angiotensins R-HSA-2022377","1/18",0.331924777498995,0.918753113408819,0,0,2.60047910566942,2.86793034499936,"ACE2"
"Norepinephrine Neurotransmitter Release Cycle R-HSA-181430","1/18",0.331924777498995,0.918753113408819,0,0,2.60047910566942,2.86793034499936,"MAOA"
"ECM Proteoglycans R-HSA-3000178","2/55",0.344929046929369,0.919125453745716,0,0,1.66893424036281,1.77644121658433,"TNXB;ITGA9"
"Assembly Of Active LPL And LIPC Lipase Complexes R-HSA-8963889","1/19",0.346735949616647,0.919125453745716,0,0,2.45588235294118,2.60125030466016,"LPL"
"RAS Processing R-HSA-9648002","1/19",0.346735949616647,0.919125453745716,0,0,2.45588235294118,2.60125030466016,"USP17L2"
"RHO GTPases Activate ROCKs R-HSA-5627117","1/19",0.346735949616647,0.919125453745716,0,0,2.45588235294118,2.60125030466016,"MYH11"
"RHO GTPases Activate CIT R-HSA-5625900","1/19",0.346735949616647,0.919125453745716,0,0,2.45588235294118,2.60125030466016,"MYH11"
"Ras Activation Upon Ca2+ Influx Thru NMDA Receptor R-HSA-442982","1/19",0.346735949616647,0.919125453745716,0,0,2.45588235294118,2.60125030466016,"GRIN2B"
"Signaling By PDGFR In Disease R-HSA-9671555","1/19",0.346735949616647,0.919125453745716,0,0,2.45588235294118,2.60125030466016,"KANK1"
"Na+/Cl- Dependent Neurotransmitter Transporters R-HSA-442660","1/19",0.346735949616647,0.919125453745716,0,0,2.45588235294118,2.60125030466016,"SLC6A2"
"Neuronal System R-HSA-112316","10/386",0.35223606930117,0.922307745016831,0,0,1.17813620952287,1.22933055953475,"NLGN1;SYT2;MAOA;NTRK3;KCNC4;KCNJ16;KCNQ4;GRIN2B;SYN2;LRRC4B"
"Signaling By ERBB4 R-HSA-1236394","2/57",0.361020022873708,0.922307745016831,0,0,1.60808080808081,1.63834787535749,"NRG2;EGFR"
"Sema4D Induced Cell Migration And Growth-Cone Collapse R-HSA-416572","1/20",0.361219483422402,0.922307745016831,0,0,2.32650631102644,2.36901046013663,"MYH11"
"FGFR2 Ligand Binding And Activation R-HSA-190241","1/20",0.361219483422402,0.922307745016831,0,0,2.32650631102644,2.36901046013663,"FGF10"
"NOTCH4 Intracellular Domain Regulates Transcription R-HSA-9013695","1/20",0.361219483422402,0.922307745016831,0,0,2.32650631102644,2.36901046013663,"MAML2"
"RHO GTPases Activate PAKs R-HSA-5627123","1/21",0.375382610670452,0.922307745016831,0,0,2.21006787330317,2.16544544936932,"MYH11"
"Cellular Hexose Transport R-HSA-189200","1/21",0.375382610670452,0.922307745016831,0,0,2.21006787330317,2.16544544936932,"SLC5A9"
"Synaptic Adhesion-Like Molecules R-HSA-8849932","1/21",0.375382610670452,0.922307745016831,0,0,2.21006787330317,2.16544544936932,"GRIN2B"
"TP53 Regulates Transcription Of Additional Cell Cycle Genes With Uncertain Roles In P53 Pathway R-HSA-6804115","1/21",0.375382610670452,0.922307745016831,0,0,2.21006787330317,2.16544544936932,"PLAGL1"
"HS-GAG Degradation R-HSA-2024096","1/21",0.375382610670452,0.922307745016831,0,0,2.21006787330317,2.16544544936932,"HPSE2"
"Unblocking Of NMDA Receptors, Glutamate Binding And Activation R-HSA-438066","1/21",0.375382610670452,0.922307745016831,0,0,2.21006787330317,2.16544544936932,"GRIN2B"
"Negative Regulation Of NMDA Receptor-Mediated Neuronal Transmission R-HSA-9617324","1/21",0.375382610670452,0.922307745016831,0,0,2.21006787330317,2.16544544936932,"GRIN2B"
"G Alpha (I) Signaling Events R-HSA-418594","8/312",0.387705028174109,0.922307745016831,0,0,1.16473079249849,1.10359461497473,"GPR17;NPY5R;GRM6;GALR1;NPY2R;ADORA1;SAA2;RGS6"
"RA Biosynthesis Pathway R-HSA-5365859","1/22",0.389232403699613,0.922307745016831,0,0,2.10471881060116,1.98596778643407,"ALDH1A2"
"RNA Polymerase III Transcription Termination R-HSA-73980","1/22",0.389232403699613,0.922307745016831,0,0,2.10471881060116,1.98596778643407,"NFIB"
"SHC-mediated cascade:FGFR2 R-HSA-5654699","1/22",0.389232403699613,0.922307745016831,0,0,2.10471881060116,1.98596778643407,"FGF10"
"Diseases Of Glycosylation R-HSA-3781865","4/143",0.390754738740227,0.922307745016831,0,0,1.27287327313548,1.19608742518183,"ADAMTS5;ADAMTS18;ADAMTS8;ADAMTS9"
"Cell-cell Junction Organization R-HSA-421270","2/61",0.392736508756803,0.922307745016831,0,0,1.4987509127945,1.40075711239788,"CLDN10;CLDN18"
"Potassium Channels R-HSA-1296071","3/102",0.39407103858637,0.922307745016831,0,0,1.3400826446281,1.247917234509,"KCNC4;KCNQ4;KCNJ16"
"RAF/MAP Kinase Cascade R-HSA-5673001","7/271",0.394095530140709,0.922307745016831,0,0,1.17329545454545,1.09252806787836,"KL;MRAS;NRG2;USP17L2;GRIN2B;EGFR;FGF10"
"Nucleotide Salvage R-HSA-8956321","1/23",0.40277577910164,0.922307745016831,0,0,2.00894693541752,1.82688662418804,"UPP2"
"PI-3K cascade:FGFR2 R-HSA-5654695","1/23",0.40277577910164,0.922307745016831,0,0,2.00894693541752,1.82688662418804,"FGF10"
"Dopamine Neurotransmitter Release Cycle R-HSA-212676","1/23",0.40277577910164,0.922307745016831,0,0,2.00894693541752,1.82688662418804,"SYN2"
"Long-term Potentiation R-HSA-9620244","1/23",0.40277577910164,0.922307745016831,0,0,2.00894693541752,1.82688662418804,"GRIN2B"
"Phase I - Functionalization Of Compounds R-HSA-211945","3/104",0.406007490201367,0.922307745016831,0,0,1.31341134113411,1.18388753591389,"CYP39A1;MAOA;ADH6"
"Cargo Recognition For Clathrin-Mediated Endocytosis R-HSA-8856825","3/104",0.406007490201367,0.922307745016831,0,0,1.31341134113411,1.18388753591389,"TF;SYT2;EGFR"
"RHOA GTPase Cycle R-HSA-8980692","4/147",0.410756822588247,0.922307745016831,0,0,1.23701355592016,1.10063765073515,"PKN3;ARAP3;KALRN;ARHGAP6"
"MAPK1/MAPK3 Signaling R-HSA-5684996","7/277",0.415821860521059,0.922307745016831,0,0,1.14686544342508,1.00637251172384,"KL;MRAS;NRG2;USP17L2;GRIN2B;EGFR;FGF10"
"Other Interleukin Signaling R-HSA-449836","1/24",0.416019501174313,0.922307745016831,0,0,1.92150304938029,1.68520264172381,"PTPRZ1"
"Aggrephagy R-HSA-9646399","1/24",0.416019501174313,0.922307745016831,0,0,1.92150304938029,1.68520264172381,"DYNC1I1"
"Sema4D In Semaphorin Signaling R-HSA-400685","1/24",0.416019501174313,0.922307745016831,0,0,1.92150304938029,1.68520264172381,"MYH11"
"Signaling By EGFR In Cancer R-HSA-1643713","1/24",0.416019501174313,0.922307745016831,0,0,1.92150304938029,1.68520264172381,"EGFR"
"Estrogen-dependent Nuclear Events Downstream Of ESR-membrane Signaling R-HSA-9634638","1/24",0.416019501174313,0.922307745016831,0,0,1.92150304938029,1.68520264172381,"EGFR"
"FRS-mediated FGFR2 Signaling R-HSA-5654700","1/24",0.416019501174313,0.922307745016831,0,0,1.92150304938029,1.68520264172381,"FGF10"
"Glycogen Metabolism R-HSA-8982491","1/24",0.416019501174313,0.922307745016831,0,0,1.92150304938029,1.68520264172381,"GYG2"
"Growth Hormone Receptor Signaling R-HSA-982772","1/24",0.416019501174313,0.922307745016831,0,0,1.92150304938029,1.68520264172381,"GHR"
"Oxygen-dependent Proline Hydroxylation Of Hypoxia-inducible Factor Alpha R-HSA-1234176","2/64",0.416050998750108,0.922307745016831,0,0,1.42601126472094,1.25053691814804,"HIF3A;WTIP"
"Developmental Biology R-HSA-1266738","25/1073",0.426270570624784,0.926353718813974,0,0,1.0562954271522,0.900683032688823,"MAML2;LPL;HIF3A;VLDLR;KALRN;EGFR;ABLIM3;PRX;HOXA3;MYH11;PCK1;PPARGC1A;PLXNA4;HOXA4;SEMA6A;LGI4;SPINK5;GRIN2B;RGMA;KRT14;PKP1;COL6A6;HOXD3;ITGA9;FGF10"
"Assembly And Cell Surface Presentation Of NMDA Receptors R-HSA-9609736","1/25",0.428970185159365,0.926353718813974,0,0,1.84134615384615,1.55845620546663,"GRIN2B"
"TRAF6 Mediated NF-kB Activation R-HSA-933542","1/25",0.428970185159365,0.926353718813974,0,0,1.84134615384615,1.55845620546663,"SAA2"
"TRP Channels R-HSA-3295583","1/25",0.428970185159365,0.926353718813974,0,0,1.84134615384615,1.55845620546663,"TRPM3"
"NOTCH3 Activation And Transmission Of Signal To Nucleus R-HSA-9013507","1/25",0.428970185159365,0.926353718813974,0,0,1.84134615384615,1.55845620546663,"EGFR"
"NOTCH3 Intracellular Domain Regulates Transcription R-HSA-9013508","1/25",0.428970185159365,0.926353718813974,0,0,1.84134615384615,1.55845620546663,"MAML2"
"Sensory Processing Of Sound By Inner Hair Cells Of Cochlea R-HSA-9662360","2/67",0.4389074106644,0.943745119068088,0,0,1.35998604570033,1.1199033541053,"CDH23;KCNQ4"
"Signaling By ALK R-HSA-201556","1/26",0.441634300720762,0.945550361799579,0,0,1.76760180995475,1.44461343430013,"PTPRZ1"
"CREB1 Phosphorylation Thru NMDA Receptor-Mediated Activation Of RAS Signaling R-HSA-442742","1/27",0.454018174829667,0.963826718600269,0,0,1.69953010790115,1.34197964814956,"GRIN2B"
"Endogenous Sterols R-HSA-211976","1/27",0.454018174829667,0.963826718600269,0,0,1.69953010790115,1.34197964814956,"CYP39A1"
"Signaling By NTRK1 (TRKA) R-HSA-187037","3/114",0.464478621605905,0.973426326733297,0,0,1.19447174447174,0.915968409513789,"NTRK2;ADCYAP1R1;TF"
"Notch-HLH Transcription Pathway R-HSA-350054","1/28",0.466127995170863,0.973426326733297,0,0,1.63650075414781,1.2491328673937,"MAML2"
"Diseases Of Metabolism R-HSA-5668914","6/247",0.467500558449338,0.973426326733297,0,0,1.10044912027498,0.836731700009062,"ADAMTS5;MAOA;ADAMTS18;GYG2;ADAMTS8;ADAMTS9"
"Plasma Lipoprotein Assembly, Remodeling, And Clearance R-HSA-174824","2/71",0.468603704144337,0.973426326733297,0,0,1.28088336783989,0.970906836663396,"LPL;VLDLR"
"Signaling By FGFR2 R-HSA-5654738","2/72",0.475880783658174,0.973426326733297,0,0,1.26252024619372,0.937532271735577,"SPRY2;FGF10"
"Activation Of G Protein Gated Potassium Channels R-HSA-1296041","1/29",0.477969813126529,0.973426326733297,0,0,1.57797349709114,1.16487218743165,"KCNJ16"
"Downstream Signaling Of Activated FGFR2 R-HSA-5654696","1/29",0.477969813126529,0.973426326733297,0,0,1.57797349709114,1.16487218743165,"FGF10"
"EGR2 And SOX10-mediated Initiation Of Schwann Cell Myelination R-HSA-9619665","1/29",0.477969813126529,0.973426326733297,0,0,1.57797349709114,1.16487218743165,"PRX"
"Uptake And Actions Of Bacterial Toxins R-HSA-5339562","1/29",0.477969813126529,0.973426326733297,0,0,1.57797349709114,1.16487218743165,"SYT2"
"Negative Regulation Of FGFR3 Signaling R-HSA-5654732","1/29",0.477969813126529,0.973426326733297,0,0,1.57797349709114,1.16487218743165,"SPRY2"
"Cellular Response To Hypoxia R-HSA-1234174","2/73",0.48309704973081,0.979885108968161,0,0,1.24467439557983,0.905547564924669,"HIF3A;WTIP"
"Transcriptional Regulation Of Pluripotent Stem Cells R-HSA-452723","1/30",0.489549546689782,0.98246425036937,0,0,1.52348260259011,1.08817731396674,"HIF3A"
"Signaling By NOTCH1 R-HSA-1980143","2/74",0.490251621940804,0.98246425036937,0,0,1.22732426303855,0.874881538799201,"MAML2;DNER"
"Formation Of Cornified Envelope R-HSA-6809371","2/74",0.490251621940804,0.98246425036937,0,0,1.22732426303855,0.874881538799201,"SPINK5;PKP1"
"Cell-Cell Communication R-HSA-1500931","3/120",0.498334484972981,0.984068096944219,0,0,1.13286713286713,0.789023572566299,"CLDN10;CLDN18;LIMS2"
"Activated NOTCH1 Transmits Signal To Nucleus R-HSA-2122948","1/31",0.500872983474602,0.984068096944219,0,0,1.47262443438914,1.01817656309486,"DNER"
"Transferrin Endocytosis And Recycling R-HSA-917977","1/31",0.500872983474602,0.984068096944219,0,0,1.47262443438914,1.01817656309486,"TF"
"Negative Regulation Of FGFR4 Signaling R-HSA-5654733","1/31",0.500872983474602,0.984068096944219,0,0,1.47262443438914,1.01817656309486,"SPRY2"
"Nicotinate Metabolism R-HSA-196807","1/31",0.500872983474602,0.984068096944219,0,0,1.47262443438914,1.01817656309486,"NMNAT2"
"Signaling By Insulin Receptor R-HSA-74752","2/77",0.51133738625666,0.988337791725862,0,0,1.17804988662132,0.790148287208125,"KL;FGF10"
"RAF Activation R-HSA-5673000","1/32",0.51194578368765,0.988337791725862,0,0,1.42504743833017,0.954121346563957,"MRAS"
"Signaling By NOTCH2 R-HSA-1980145","1/32",0.51194578368765,0.988337791725862,0,0,1.42504743833017,0.954121346563957,"MAML2"
"Nuclear Signaling By ERBB4 R-HSA-1251985","1/32",0.51194578368765,0.988337791725862,0,0,1.42504743833017,0.954121346563957,"NRG2"
"Signaling By Nuclear Receptors R-HSA-9006931","6/260",0.517103984668451,0.988337791725862,0,0,1.04342420584155,0.688150047988337,"KANK1;EEPD1;CITED1;ALDH1A2;PCK1;EGFR"
"Plasma Lipoprotein Remodeling R-HSA-8963899","1/33",0.522773482649408,0.988337791725862,0,0,1.38044400452489,0.895365672474349,"LPL"
"Diseases Of Carbohydrate Metabolism R-HSA-5663084","1/33",0.522773482649408,0.988337791725862,0,0,1.38044400452489,0.895365672474349,"GYG2"
"FGFR2 Mutant Receptor Activation R-HSA-1839126","1/33",0.522773482649408,0.988337791725862,0,0,1.38044400452489,0.895365672474349,"FGF10"
"Striated Muscle Contraction R-HSA-390522","1/33",0.522773482649408,0.988337791725862,0,0,1.38044400452489,0.895365672474349,"DMD"
"Glucagon-type Ligand Receptors R-HSA-420092","1/33",0.522773482649408,0.988337791725862,0,0,1.38044400452489,0.895365672474349,"ADCYAP1R1"
"Amyloid Fiber Formation R-HSA-977225","2/79",0.525072924034499,0.988953138877007,0,0,1.14733339223135,0.739132964529044,"GSN;SAA2"
"COPI-independent Golgi-to-ER Retrograde Traffic R-HSA-6811436","1/34",0.533361493749999,0.993360997653344,0,0,1.33854380913204,0.841349555143568,"DYNC1I1"
"Synthesis Of Bile Acids And Bile Salts R-HSA-192105","1/34",0.533361493749999,0.993360997653344,0,0,1.33854380913204,0.841349555143568,"CYP39A1"
"Metabolic Disorders Of Biological Oxidation Enzymes R-HSA-5579029","1/34",0.533361493749999,0.993360997653344,0,0,1.33854380913204,0.841349555143568,"MAOA"
"Nucleotide Catabolism R-HSA-8956319","1/35",0.543715111210592,0.997806852441416,0,0,1.29910833111525,0.791585500028829,"UPP2"
"Plasma Lipoprotein Clearance R-HSA-8964043","1/35",0.543715111210592,0.997806852441416,0,0,1.29910833111525,0.791585500028829,"VLDLR"
"Gene And Protein Expression By JAK-STAT Signaling After Interleukin-12 Stimulation R-HSA-8950505","1/35",0.543715111210592,0.997806852441416,0,0,1.29910833111525,0.791585500028829,"CA1"
"Inwardly Rectifying K+ Channels R-HSA-1296065","1/35",0.543715111210592,0.997806852441416,0,0,1.29910833111525,0.791585500028829,"KCNJ16"
"Nervous System Development R-HSA-9675108","12/545",0.549618481434806,0.998106459222052,0,0,0.99375334642156,0.594792096313995,"SEMA6A;ABLIM3;PRX;MYH11;COL6A6;VLDLR;GRIN2B;KALRN;EGFR;PLXNA4;ITGA9;RGMA"
"Aberrant Regulation Of Mitotic Cell Cycle Due To RB1 Defects R-HSA-9687139","1/36",0.553839512302855,0.998106459222052,0,0,1.26192630898513,0.745647425291096,"CDKN1C"
"RHO GTPases Activate WASPs And WAVEs R-HSA-5663213","1/36",0.553839512302855,0.998106459222052,0,0,1.26192630898513,0.745647425291096,"WIPF3"
"HSF1-dependent Transactivation R-HSA-3371571","1/36",0.553839512302855,0.998106459222052,0,0,1.26192630898513,0.745647425291096,"CRYAB"
"NR1H3 And NR1H2 Regulate Gene Expression Linked To Cholesterol Transport And Efflux R-HSA-9029569","1/36",0.553839512302855,0.998106459222052,0,0,1.26192630898513,0.745647425291096,"EEPD1"
"Cooperation Of PDCL (PhLP1) And TRiC/CCT In G-protein Beta Folding R-HSA-6814122","1/37",0.563739760506157,0.999995949488124,0,0,1.22680995475113,0.703161523885706,"RGS6"
"Early SARS-CoV-2 Infection Events R-HSA-9772572","1/37",0.563739760506157,0.999995949488124,0,0,1.22680995475113,0.703161523885706,"ACE2"
"NCAM1 Interactions R-HSA-419037","1/37",0.563739760506157,0.999995949488124,0,0,1.22680995475113,0.703161523885706,"COL6A6"
"Transport Of Bile Salts And Organic Acids, Metal Ions And Amine Compounds R-HSA-425366","2/86",0.57106017190432,0.999995949488124,0,0,1.05134434726271,0.589026914693015,"RHAG;SLC6A2"
"Diseases Of Mitotic Cell Cycle R-HSA-9675126","1/38",0.573420807462968,0.999995949488124,0,0,1.19359178182708,0.663798688766568,"CDKN1C"
"HSP90 Chaperone Cycle For Steroid Hormone Receptors (SHR) In Presence Of Ligand R-HSA-3371497","1/38",0.573420807462968,0.999995949488124,0,0,1.19359178182708,0.663798688766568,"DYNC1I1"
"Signaling By FGFR3 R-HSA-5654741","1/39",0.582887495820458,0.999995949488124,0,0,1.16212193379376,0.627268196854411,"SPRY2"
"NGF-stimulated Transcription R-HSA-9031628","1/39",0.582887495820458,0.999995949488124,0,0,1.16212193379376,0.627268196854411,"TF"
"Glucose Metabolism R-HSA-70326","2/89",0.589757443031226,0.999995949488124,0,0,1.01493470951599,0.535930122976453,"ALDOC;PCK1"
"RNA Polymerase III Abortive And Retractive Initiation R-HSA-749476","1/40",0.592144561315535,0.999995949488124,0,0,1.13226592412113,0.593312419617654,"NFIB"
"Class C/3 (Metabotropic Glutamate/Pheromone Receptors) R-HSA-420499","1/40",0.592144561315535,0.999995949488124,0,0,1.13226592412113,0.593312419617654,"GRM6"
"Signaling By FGFR4 R-HSA-5654743","1/40",0.592144561315535,0.999995949488124,0,0,1.13226592412113,0.593312419617654,"SPRY2"
"Metabolism Of Vitamins And Cofactors R-HSA-196854","4/186",0.592954385945766,0.999995949488124,0,0,0.969986733084683,0.506951735871641,"ALDH1L1;TTPA;LPL;NMNAT2"
"MAPK6/MAPK4 Signaling R-HSA-5687128","2/90",0.595853879543706,0.999995949488124,0,0,1.0033498247784,0.519494215168897,"CDC42EP5;KALRN"
"Binding And Uptake Of Ligands By Scavenger Receptors R-HSA-2173782","1/41",0.601196635517844,0.999995949488124,0,0,1.10390271493213,0.561702370131847,"SAA2"
"Signaling By Retinoic Acid R-HSA-5362517","1/41",0.601196635517844,0.999995949488124,0,0,1.10390271493213,0.561702370131847,"ALDH1A2"
"Non-integrin membrane-ECM Interactions R-HSA-3000171","1/41",0.601196635517844,0.999995949488124,0,0,1.10390271493213,0.561702370131847,"DMD"
"Axon Guidance R-HSA-422475","11/519",0.601914323284885,0.999995949488124,0,0,0.954810987168271,0.484700406044983,"SEMA6A;ABLIM3;MYH11;COL6A6;VLDLR;GRIN2B;KALRN;EGFR;PLXNA4;ITGA9;RGMA"
"Activation Of GABAB Receptors R-HSA-991365","1/42",0.610048247730925,0.999995949488124,0,0,1.07692307692308,0.532233940324947,"KCNJ16"
"Deactivation Of Beta-Catenin Transactivating Complex R-HSA-3769402","1/42",0.610048247730925,0.999995949488124,0,0,1.07692307692308,0.532233940324947,"SOX6"
"Signaling By FGFR2 In Disease R-HSA-5655253","1/42",0.610048247730925,0.999995949488124,0,0,1.07692307692308,0.532233940324947,"FGF10"
"Clathrin-mediated Endocytosis R-HSA-8856828","3/142",0.612156607189281,0.999995949488124,0,0,0.952485284499673,0.467448474303565,"TF;SYT2;EGFR"
"RAC3 GTPase Cycle R-HSA-9013423","2/93",0.613734976470072,0.999995949488124,0,0,0.970122847673868,0.473606289337856,"ARAP3;ARHGAP6"
"Retinoid Metabolism And Transport R-HSA-975634","1/43",0.618703827365703,0.999995949488124,0,0,1.05122818358112,0.504724705890506,"LPL"
"SUMOylation Of Transcription Cofactors R-HSA-3899300","1/43",0.618703827365703,0.999995949488124,0,0,1.05122818358112,0.504724705890506,"PPARGC1A"
"Collagen Chain Trimerization R-HSA-8948216","1/44",0.627167706456562,0.999995949488124,0,0,1.0267284015574,0.479011202903281,"COL6A6"
"Interleukin-12 Signaling R-HSA-9020591","1/44",0.627167706456562,0.999995949488124,0,0,1.0267284015574,0.479011202903281,"CA1"
"HCMV Early Events R-HSA-9609690","2/96",0.631005105791605,0.999995949488124,0,0,0.939016741448352,0.432362112522924,"EGFR;DYNC1I1"
"Peptide Ligand-Binding Receptors R-HSA-375276","4/196",0.634076093524208,0.999995949488124,0,0,0.918992027334852,0.418680187034595,"NPY5R;GALR1;NPY2R;SAA2"
"Bile Acid And Bile Salt Metabolism R-HSA-194068","1/45",0.635444120979918,0.999995949488124,0,0,1.0033422459893,0.454946599786902,"CYP39A1"
"TAK1-dependent IKK And NF-kappa-B Activation R-HSA-445989","1/45",0.635444120979918,0.999995949488124,0,0,1.0033422459893,0.454946599786902,"SAA2"
"Heme Signaling R-HSA-9707616","1/45",0.635444120979918,0.999995949488124,0,0,1.0033422459893,0.454946599786902,"PPARGC1A"
"Potential Therapeutics For SARS R-HSA-9679191","2/97",0.636626623042801,0.999995949488124,0,0,0.929084616302661,0.419548546632635,"ACE2;ATP1A2"
"CDC42 GTPase Cycle R-HSA-9013148","3/149",0.644536752201873,0.999995949488124,0,0,0.906491282689913,0.39815221395252,"CDC42EP5;WIPF3;ARAP3"
"Cellular Response To Heat Stress R-HSA-3371556","2/99",0.647667977546674,0.999995949488124,0,0,0.909834724267714,0.395211363794017,"HSPA12B;CRYAB"
"SLC Transporter Disorders R-HSA-5619102","2/99",0.647667977546674,0.999995949488124,0,0,0.909834724267714,0.395211363794017,"RHAG;SLC6A2"
"L1CAM Interactions R-HSA-373760","2/99",0.647667977546674,0.999995949488124,0,0,0.909834724267714,0.395211363794017,"EGFR;ITGA9"
"Cyclin D Associated Events In G1 R-HSA-69231","1/47",0.65145103745728,0.999995949488124,0,0,0.959620302970687,0.411248196931229,"CDKN1C"
"Stimuli-sensing Channels R-HSA-2672351","2/100",0.653088270641694,0.999995949488124,0,0,0.900504419454857,0.383653587942123,"TRPM3;RYR3"
"NOTCH1 Intracellular Domain Regulates Transcription R-HSA-2122947","1/48",0.659189552986254,0.999995949488124,0,0,0.939154712621546,0.391387231050231,"MAML2"
"TP53 Regulates Transcription Of Cell Cycle Genes R-HSA-6791312","1/49",0.666756635715344,0.999995949488124,0,0,0.91954185520362,0.37271805064403,"PLAGL1"
"Post-translational Protein Phosphorylation R-HSA-8957275","2/106",0.684222416326454,0.999995949488124,0,0,0.848290598290598,0.321902737022983,"TF;HRC"
"SARS-CoV-1 Infection R-HSA-9678108","1/52",0.688466764441578,0.999995949488124,0,0,0.86531807293053,0.323013055633963,"ACE2"
"Signaling By PDGF R-HSA-186797","1/52",0.688466764441578,0.999995949488124,0,0,0.86531807293053,0.323013055633963,"COL6A6"
"Transcriptional Activation Of Mitochondrial Biogenesis R-HSA-2151201","1/52",0.688466764441578,0.999995949488124,0,0,0.86531807293053,0.323013055633963,"PPARGC1A"
"Interleukin-4 And Interleukin-13 Signaling R-HSA-6785807","2/107",0.689183254671601,0.999995949488124,0,0,0.840168448331714,0.312751084530491,"MAOA;SAA2"
"G Alpha (Q) Signaling Events R-HSA-416476","4/212",0.694064585892092,0.999995949488124,0,0,0.847599439285089,0.309535059235736,"GPR17;SAA2;KALRN;EGFR"
"Heparan Sulfate/Heparin (HS-GAG) Metabolism R-HSA-1638091","1/53",0.695385182893342,0.999995949488124,0,0,0.848633832231117,0.308299647683683,"HPSE2"
"Ion Transport By P-type ATPases R-HSA-936837","1/53",0.695385182893342,0.999995949488124,0,0,0.848633832231117,0.308299647683683,"ATP1A2"
"Interleukin-12 Family Signaling R-HSA-447115","1/54",0.702150297821555,0.999995949488124,0,0,0.832579185520362,0.294406492795045,"CA1"
"PIP3 Activates AKT Signaling R-HSA-1257604","5/268",0.711054540427492,0.999995949488124,0,0,0.837456811986735,0.285577917099019,"KL;PHLPP1;NRG2;EGFR;FGF10"
"RHO GTPase Effectors R-HSA-195258","5/269",0.714097594005487,0.999995949488124,0,0,0.834241386467414,0.280918806937218,"PPP1R14A;PKN3;WIPF3;MYH11;DYNC1I1"
"Assembly Of Collagen Fibrils And Other Multimeric Structures R-HSA-2022090","1/57",0.72155934408524,0.999995949488124,0,0,0.787855526826115,0.25710928722507,"COL6A6"
"NCAM Signaling For Neurite Out-Growth R-HSA-375165","1/57",0.72155934408524,0.999995949488124,0,0,0.787855526826115,0.25710928722507,"COL6A6"
"NRAGE Signals Death Thru JNK R-HSA-193648","1/57",0.72155934408524,0.999995949488124,0,0,0.787855526826115,0.25710928722507,"KALRN"
"Constitutive Signaling By NOTCH1 HD+PEST Domain Mutants R-HSA-2894862","1/58",0.727744400294663,0.999995949488124,0,0,0.773993808049536,0.245979404745589,"MAML2"
"GABA Receptor Activation R-HSA-977443","1/59",0.733792368927074,0.999995949488124,0,0,0.760610079575597,0.235431003966922,"KCNJ16"
"Iron Uptake And Transport R-HSA-917937","1/59",0.733792368927074,0.999995949488124,0,0,0.760610079575597,0.235431003966922,"TF"
"Class A/1 (Rhodopsin-like Receptors) R-HSA-373076","6/327",0.73442274594348,0.999995949488124,0,0,0.822772086657114,0.253965445054198,"GPR17;NPY5R;GALR1;NPY2R;ADORA1;SAA2"
"FCGR3A-mediated Phagocytosis R-HSA-9664422","1/60",0.739706281743882,0.999995949488124,0,0,0.747680036812639,0.225427092358461,"WIPF3"
"Transcriptional Regulation By MECP2 R-HSA-8986944","1/60",0.739706281743882,0.999995949488124,0,0,0.747680036812639,0.225427092358461,"GRIN2B"
"Estrogen-dependent Gene Expression R-HSA-9018519","2/119",0.743828938585981,0.999995949488124,0,0,0.753532182103611,0.223003472658379,"KANK1;CITED1"
"Post NMDA Receptor Activation Events R-HSA-438064","1/61",0.745489103605321,0.999995949488124,0,0,0.735180995475113,0.215933510456925,"GRIN2B"
"Selective Autophagy R-HSA-9663891","1/61",0.745489103605321,0.999995949488124,0,0,0.735180995475113,0.215933510456925,"DYNC1I1"
"Signaling By FGFR In Disease R-HSA-1226099","1/61",0.745489103605321,0.999995949488124,0,0,0.735180995475113,0.215933510456925,"FGF10"
"Nuclear Events (Kinase And Transcription Factor Activation) R-HSA-198725","1/61",0.745489103605321,0.999995949488124,0,0,0.735180995475113,0.215933510456925,"TF"
"Ion Channel Transport R-HSA-983712","3/175",0.747739817176314,0.999995949488124,0,0,0.768432875264271,0.223383590154675,"ATP1A2;TRPM3;RYR3"
"Pre-NOTCH Transcription And Translation R-HSA-1912408","1/62",0.751143733903134,0.999995949488124,0,0,0.723091758771604,0.206918676266087,"MAML2"
"Regulation Of Actin Dynamics For Phagocytic Cup Formation R-HSA-2029482","1/62",0.751143733903134,0.999995949488124,0,0,0.723091758771604,0.206918676266087,"WIPF3"
"HCMV Infection R-HSA-9609646","2/121",0.752092661709817,0.999995949488124,0,0,0.740791554717125,0.21104835984441,"EGFR;DYNC1I1"
"Metabolism Of Water-Soluble Vitamins And Cofactors R-HSA-196849","2/122",0.756137881106922,0.999995949488124,0,0,0.734580498866213,0.205338415909826,"ALDH1L1;NMNAT2"
"RAC1 GTPase Cycle R-HSA-9013149","3/178",0.75795384358355,0.999995949488124,0,0,0.755142857142857,0.209274845008868,"WIPF3;ARAP3;KALRN"
"Metabolism Of Carbohydrates R-HSA-71387","5/285",0.759714543148416,0.999995949488124,0,0,0.785918134377039,0.215980140961202,"HPSE2;PHGDH;ALDOC;PCK1;GYG2"
"Cytochrome P450 - Arranged By Substrate Type R-HSA-211897","1/65",0.767366517946065,0.999995949488124,0,0,0.689090780542986,0.182464852629834,"CYP39A1"
"Cardiac Conduction R-HSA-5576891","2/126",0.77175359238731,0.999995949488124,0,0,0.710738058664326,0.184145095724195,"ATP1A2;RYR3"
"Integrin Cell Surface Interactions R-HSA-216083","1/66",0.772536117072379,0.999995949488124,0,0,0.678454577097111,0.175093194750425,"ITGA9"
"Collagen Biosynthesis And Modifying Enzymes R-HSA-1650814","1/67",0.777591089651948,0.999995949488124,0,0,0.668140682846565,0.168073785168875,"COL6A6"
"RHOB GTPase Cycle R-HSA-9013026","1/69",0.787367242869183,0.999995949488124,0,0,0.648422943838169,0.155012315095918,"PKN3"
"Circadian Clock R-HSA-400253","1/69",0.787367242869183,0.999995949488124,0,0,0.648422943838169,0.155012315095918,"PPARGC1A"
"Glycolysis R-HSA-70171","1/69",0.787367242869183,0.999995949488124,0,0,0.648422943838169,0.155012315095918,"ALDOC"
"ESR-mediated Signaling R-HSA-8939211","3/188",0.78960634216812,0.999995949488124,0,0,0.713955773955774,0.168651174650135,"KANK1;CITED1;EGFR"
"Transmission Across Chemical Synapses R-HSA-112315","4/246",0.79736007633884,0.999995949488124,0,0,0.72723507596152,0.164681592144029,"MAOA;KCNJ16;GRIN2B;SYN2"
"GPCR Ligand Binding R-HSA-500792","8/458",0.798685781753171,0.999995949488124,0,0,0.780873563218391,0.175530752708599,"GPR17;ADCYAP1R1;NPY5R;GRM6;GALR1;NPY2R;ADORA1;SAA2"
"Regulation Of RUNX2 Expression And Activity R-HSA-8939902","1/72",0.801233379470659,0.999995949488124,0,0,0.620929195079982,0.13759978124242,"PPARGC1A"
"RHOC GTPase Cycle R-HSA-9013106","1/73",0.805651931673531,0.999995949488124,0,0,0.612273755656109,0.132314487048817,"PKN3"
"Extra-nuclear Estrogen Signaling R-HSA-9009391","1/73",0.805651931673531,0.999995949488124,0,0,0.612273755656109,0.132314487048817,"EGFR"
"Activation Of NMDA Receptors And Postsynaptic Events R-HSA-442755","1/74",0.809972475864673,0.999995949488124,0,0,0.603855451558917,0.127265563124938,"GRIN2B"
"RHOG GTPase Cycle R-HSA-9013408","1/74",0.809972475864673,0.999995949488124,0,0,0.603855451558917,0.127265563124938,"KALRN"
"Cell Death Signaling Via NRAGE, NRIF And NADE R-HSA-204998","1/74",0.809972475864673,0.999995949488124,0,0,0.603855451558917,0.127265563124938,"KALRN"
"Intracellular Signaling By Second Messengers R-HSA-9006925","5/306",0.811001981509182,0.999995949488124,0,0,0.730290204645095,0.152984684008985,"KL;PHLPP1;NRG2;EGFR;FGF10"
"GPCR Downstream Signaling R-HSA-388396","11/619",0.811502513474418,0.999995949488124,0,0,0.793581719054581,0.165753663583661,"GPR17;ADCYAP1R1;NPY5R;GRM6;GALR1;NPY2R;ADORA1;SAA2;KALRN;EGFR;RGS6"
"Platelet Activation, Signaling And Aggregation R-HSA-76002","4/254",0.817100144534408,0.999995949488124,0,0,0.703671981776765,0.142137247868999,"TF;ITIH3;CLEC3B;VEGFD"
"Oncogenic MAPK Signaling R-HSA-6802957","1/78",0.826317243031953,0.999995949488124,0,0,0.572368807662925,0.109194522259786,"MRAS"
"Pre-NOTCH Expression And Processing R-HSA-1912422","1/78",0.826317243031953,0.999995949488124,0,0,0.572368807662925,0.109194522259786,"MAML2"
"G Alpha (12/13) Signaling Events R-HSA-416482","1/78",0.826317243031953,0.999995949488124,0,0,0.572368807662925,0.109194522259786,"KALRN"
"Nuclear Events Mediated By NFE2L2 R-HSA-9759194","1/78",0.826317243031953,0.999995949488124,0,0,0.572368807662925,0.109194522259786,"PHGDH"
"Signaling By NOTCH R-HSA-157118","3/203",0.830581622781676,0.999995949488124,0,0,0.659897727272727,0.122496203561998,"MAML2;DNER;EGFR"
"Diseases Of Signal Transduction By Growth Factor Receptors And Second Messengers R-HSA-5663202","7/424",0.832476354094702,0.999995949488124,0,0,0.736915055111874,0.13511371508791,"KANK1;KL;MRAS;MAML2;NRG2;EGFR;FGF10"
"COPI-mediated Anterograde Transport R-HSA-6807878","1/80",0.833955749213753,0.999995949488124,0,0,0.557821181052752,0.101286345543483,"DYNC1I1"
"Regulation Of HSF1-mediated Heat Shock Response R-HSA-3371453","1/81",0.837648362749045,0.999995949488124,0,0,0.550820135746606,0.0975815774727306,"HSPA12B"
"DDX58/IFIH1-mediated Induction Of Interferon-Alpha/Beta R-HSA-168928","1/81",0.837648362749045,0.999995949488124,0,0,0.550820135746606,0.0975815774727306,"SAA2"
"Signaling By NOTCH4 R-HSA-9013694","1/81",0.837648362749045,0.999995949488124,0,0,0.550820135746606,0.0975815774727306,"MAML2"
"PI Metabolism R-HSA-1483255","1/82",0.841259037378573,0.999995949488124,0,0,0.543991955756662,0.0940320859811041,"ENPP6"
"Keratinization R-HSA-6805567","3/208",0.842632370499045,0.999995949488124,0,0,0.643636363636364,0.110206322769682,"KRT14;SPINK5;PKP1"
"Fcgamma Receptor (FCGR) Dependent Phagocytosis R-HSA-2029480","1/87",0.858145440708949,0.999995949488124,0,0,0.512232979059244,0.078362262990908,"WIPF3"
"Peptide Hormone Metabolism R-HSA-2980736","1/89",0.864386924732032,0.999995949488124,0,0,0.500539901275195,0.0729460728304556,"ACE2"
"RAB GEFs Exchange GTP For GDP On RABs R-HSA-8876198","1/89",0.864386924732032,0.999995949488124,0,0,0.500539901275195,0.0729460728304556,"DENND2A"
"Mitochondrial Biogenesis R-HSA-1592230","1/89",0.864386924732032,0.999995949488124,0,0,0.500539901275195,0.0729460728304556,"PPARGC1A"
"Biological Oxidations R-HSA-211859","3/218",0.864523609197405,0.999995949488124,0,0,0.61338266384778,0.0892942023116609,"CYP39A1;MAOA;ADH6"
"Chaperonin-mediated Protein Folding R-HSA-390466","1/90",0.86740414191221,0.999995949488124,0,0,0.494890436727846,0.070398299483793,"RGS6"
"Collagen Formation R-HSA-1474290","1/90",0.86740414191221,0.999995949488124,0,0,0.494890436727846,0.070398299483793,"COL6A6"
"Class B/2 (Secretin Family Receptors) R-HSA-373080","1/92",0.873239113570852,0.999995949488124,0,0,0.483963999801104,0.0655993175006557,"ADCYAP1R1"
"Unattached Kinetochores Signal Amplification Via A MAD2 Inhibitory Signal R-HSA-141444","1/93",0.876059802622532,0.999995949488124,0,0,0.478678929765886,0.0633392375880141,"DYNC1I1"
"Drug ADME R-HSA-9748784","1/95",0.881514682349362,0.999995949488124,0,0,0.468446134591316,0.0590774383639354,"PCK1"
"Transcriptional Regulation By RUNX3 R-HSA-8878159","1/95",0.881514682349362,0.999995949488124,0,0,0.468446134591316,0.0590774383639354,"MAML2"
"P75 NTR Receptor-Mediated Signaling R-HSA-193704","1/95",0.881514682349362,0.999995949488124,0,0,0.468446134591316,0.0590774383639354,"KALRN"
"Metabolism Of Nucleotides R-HSA-15869","1/95",0.881514682349362,0.999995949488124,0,0,0.468446134591316,0.0590774383639354,"UPP2"
"Protein Folding R-HSA-391251","1/96",0.884151617160661,0.999995949488124,0,0,0.463491307454156,0.0570681637057694,"RGS6"
"MyD88 Cascade Initiated On Plasma Membrane R-HSA-975871","1/96",0.884151617160661,0.999995949488124,0,0,0.463491307454156,0.0570681637057694,"SAA2"
"EML4 And NUDC In Mitotic Spindle Formation R-HSA-9648025","1/97",0.886729994558791,0.999995949488124,0,0,0.458639705882353,0.0551352557436838,"DYNC1I1"
"Visual Phototransduction R-HSA-2187338","1/98",0.889251111799676,0.999995949488124,0,0,0.453888137332649,0.0532754005712894,"LPL"
"KEAP1-NFE2L2 Pathway R-HSA-9755511","1/100",0.894126613334542,0.999995949488124,0,0,0.444672974084739,0.049762413461761,"PHGDH"
"TRAF6 Mediated Induction Of NFkB And MAP Kinases Upon TLR7/8 Or 9 Activation R-HSA-975138","1/101",0.896483451605248,0.999995949488124,0,0,0.440203619909502,0.0481034464549752,"SAA2"
"Signaling By VEGF R-HSA-194138","1/102",0.898787939192942,0.999995949488124,0,0,0.435822767797142,0.0465058445697324,"VEGFD"
"MyD88 Dependent Cascade Initiated On Endosome R-HSA-975155","1/102",0.898787939192942,0.999995949488124,0,0,0.435822767797142,0.0465058445697324,"SAA2"
"Signaling By GPCR R-HSA-372790","11/689",0.900326211469445,0.999995949488124,0,0,0.709019583743035,0.0744457262724586,"GPR17;ADCYAP1R1;NPY5R;GRM6;GALR1;NPY2R;ADORA1;SAA2;KALRN;EGFR;RGS6"
"Toll Like Receptor 3 (TLR3) Cascade R-HSA-168164","1/103",0.901041236367122,0.999995949488124,0,0,0.431527814745808,0.0449670344853365,"SAA2"
"Toll Like Receptor 7/8 (TLR7/8) Cascade R-HSA-168181","1/103",0.901041236367122,0.999995949488124,0,0,0.431527814745808,0.0449670344853365,"SAA2"
"MHC Class II Antigen Presentation R-HSA-2132295","1/104",0.903244477669963,0.999995949488124,0,0,0.427316258841102,0.0434845668825065,"DYNC1I1"
"Disorders Of Transmembrane Transporters R-HSA-5619115","2/176",0.904227674034833,0.999995949488124,0,0,0.50519978106185,0.0508605325161814,"RHAG;SLC6A2"
"Integration Of Energy Metabolism R-HSA-163685","1/105",0.905398772612655,0.999995949488124,0,0,0.423185694396102,0.0420561095073835,"MLXIPL"
"Resolution Of Sister Chromatid Cohesion R-HSA-2500257","1/106",0.907505206175835,0.999995949488124,0,0,0.419133807369101,0.0406794407599995,"DYNC1I1"
"Toll Like Receptor 9 (TLR9) Cascade R-HSA-168138","1/106",0.907505206175835,0.999995949488124,0,0,0.419133807369101,0.0406794407599995,"SAA2"
"Apoptosis R-HSA-109581","2/178",0.907619480937762,0.999995949488124,0,0,0.499407338693053,0.0484075843396908,"GSN;PKP1"
"MyD88-independent TLR4 Cascade R-HSA-166166","1/107",0.909564839263103,0.999995949488124,0,0,0.415158371040724,0.0393524437008886,"SAA2"
"SLC-mediated Transmembrane Transport R-HSA-425407","3/247",0.913576715664068,0.999995949488124,0,0,0.539670268256334,0.0487796766829807,"SLC5A9;RHAG;SLC6A2"
"Neurotransmitter Receptors And Postsynaptic Signal Transmission R-HSA-112314","2/182",0.914068915439332,0.999995949488124,0,0,0.488208616780045,0.0438652076203996,"KCNJ16;GRIN2B"
"Mitotic Spindle Checkpoint R-HSA-69618","1/110",0.915473196900239,0.999995949488124,0,0,0.403669724770642,0.0356497657002896,"DYNC1I1"
"Respiratory Electron Transport, ATP Synthesis By Chemiosmotic Coupling, Heat Production By Uncoupling Proteins R-HSA-163200","1/112",0.919196518497517,0.999995949488124,0,0,0.396355631649749,0.0333950785016413,"SLC25A27"
"Golgi-to-ER Retrograde Transport R-HSA-8856688","1/112",0.919196518497517,0.999995949488124,0,0,0.396355631649749,0.0333950785016413,"DYNC1I1"
"MyD88:MAL(TIRAP) Cascade Initiated On Plasma Membrane R-HSA-166058","1/112",0.919196518497517,0.999995949488124,0,0,0.396355631649749,0.0333950785016413,"SAA2"
"Interleukin-1 Signaling R-HSA-9020702","1/114",0.92275618072415,0.999995949488124,0,0,0.389300444480038,0.031295955750304,"SAA2"
"Macroautophagy R-HSA-1632852","1/114",0.92275618072415,0.999995949488124,0,0,0.389300444480038,0.031295955750304,"DYNC1I1"
"PPARA Activates Gene Expression R-HSA-1989781","1/116",0.926159361819615,0.999995949488124,0,0,0.382490655124926,0.029340461184994,"PPARGC1A"
"RHO GTPase Cycle R-HSA-9012999","6/441",0.928064629774696,0.999995949488124,0,0,0.603550856150872,0.0450574279561905,"CDC42EP5;PKN3;WIPF3;ARAP3;ARHGAP6;KALRN"
"Regulation Of Lipid Metabolism By PPARalpha R-HSA-400206","1/118",0.92941292568452,0.999995949488124,0,0,0.3759136790811,0.027517691353788,"PPARGC1A"
"RHO GTPases Activate Formins R-HSA-5663220","1/119",0.930985663540126,0.999995949488124,0,0,0.372708796686862,0.0266529281467155,"DYNC1I1"
"Transcriptional Regulation By RUNX2 R-HSA-8878166","1/119",0.930985663540126,0.999995949488124,0,0,0.372708796686862,0.0266529281467155,"PPARGC1A"
"Glycosaminoglycan Metabolism R-HSA-1630316","1/120",0.932523435736016,0.999995949488124,0,0,0.369557777862276,0.0258176743018257,"HPSE2"
"Rab Regulation Of Trafficking R-HSA-9007101","1/122",0.935497168355264,0.999995949488124,0,0,0.363411989080438,0.0242312793966973,"DENND2A"
"TCF Dependent Signaling In Response To WNT R-HSA-201681","2/198",0.935873340752936,0.999995949488124,0,0,0.447984636031283,0.029690240604484,"SFRP1;SOX6"
"Immunoregulatory Interactions Between A Lymphoid And A non-Lymphoid Cell R-HSA-198933","1/123",0.936934628892424,0.999995949488124,0,0,0.360414657666345,0.0234780471368488,"CD300LG"
"Signaling By Interleukins R-HSA-449147","6/453",0.938350145869871,0.999995949488124,0,0,0.586979558613487,0.037350747718932,"CNTFR;CA1;PTPRZ1;MAOA;SAA2;LIFR"
"Glycerophospholipid Biosynthesis R-HSA-1483206","1/127",0.942371838793647,0.999995949488124,0,0,0.348901098901099,0.0207091464798567,"PITPNM3"
"Autophagy R-HSA-9612973","1/128",0.943656413004037,0.999995949488124,0,0,0.346136031638579,0.0200735182372587,"DYNC1I1"
"Phospholipid Metabolism R-HSA-1483257","2/208",0.946721747298977,0.999995949488124,0,0,0.42601765625344,0.0233244898642168,"PITPNM3;ENPP6"
"Programmed Cell Death R-HSA-5357801","2/208",0.946721747298977,0.999995949488124,0,0,0.42601765625344,0.0233244898642168,"GSN;PKP1"
"ADORA2B Mediated Anti-Inflammatory Cytokine Production R-HSA-9660821","1/131",0.947341225375445,0.999995949488124,0,0,0.338096066829098,0.0182896205661872,"ADCYAP1R1"
"ER To Golgi Anterograde Transport R-HSA-199977","1/133",0.949663175706394,0.999995949488124,0,0,0.332939119703826,0.017195609404926,"DYNC1I1"
"Signaling By Rho GTPases R-HSA-194315","9/644",0.950120633479865,0.999995949488124,0,0,0.617939693022243,0.0316176999742507,"PPP1R14A;CDC42EP5;PKN3;WIPF3;ARAP3;MYH11;ARHGAP6;KALRN;DYNC1I1"
"Cell Surface Interactions At Vascular Wall R-HSA-202733","1/134",0.950785552610377,0.999995949488124,0,0,0.330418807198993,0.016675159569558,"CEACAM8"
"Signal Transduction R-HSA-162582","44/2465",0.951002042639162,0.999995949488124,0,0,0.780538707363204,0.0392135376278795,"KANK1;ADCYAP1R1;PHLPP1;MAML2;CITED1;PKN3;WIPF3;NPY2R;ARHGAP6;KALRN;EGFR;NTF4;PTPRZ1;GRM6;GALR1;NTF3;DNER;ADORA1;MYH11;SOX6;PCK1;DYNC1I1;RGS6;GPR17;KL;NTRK2;PPP1R14A;NPY5R;NTRK3;ARAP3;VEGFD;NRG2;USP17L2;GRIN2B;EEPD1;SFRP1;TF;MRAS;CDC42EP5;ALDH1A2;SAA2;SPRY2;COL6A6;FGF10"
"Transport Of Small Molecules R-HSA-382551","10/706",0.953035413603757,0.999995949488124,0,0,0.62584614159433,0.0301052120620935,"TF;CA1;SLC5A9;LPL;RHAG;ATP1A2;VLDLR;SLC6A2;TRPM3;RYR3"
"Death Receptor Signaling R-HSA-73887","1/139",0.956033761662489,0.999995949488124,0,0,0.31836513869762,0.0143143496052208,"KALRN"
"Toll Like Receptor 4 (TLR4) Cascade R-HSA-166016","1/140",0.957014380528111,0.999995949488124,0,0,0.316058465444839,0.0138866168536744,"SAA2"
"Signaling By Rho GTPases, Miro GTPases And RHOBTB3 R-HSA-9716542","9/660",0.95861825655,0.999995949488124,0,0,0.602242561957145,0.0254521843871929,"PPP1R14A;CDC42EP5;PKN3;WIPF3;ARAP3;MYH11;ARHGAP6;KALRN;DYNC1I1"
"Metabolism Of Amino Acids And Derivatives R-HSA-71291","4/364",0.962151657739701,0.999995949488124,0,0,0.485876993166287,0.0187466854923643,"OCA2;TINAGL1;DCT;PHGDH"
"Mitotic G1 Phase And G1/S Transition R-HSA-453279","1/147",0.963294025298038,0.999995949488124,0,0,0.300796504060001,0.0112487640065631,"CDKN1C"
"Interleukin-1 Family Signaling R-HSA-446652","1/152",0.967210715891808,0.999995949488124,0,0,0.290761439573282,0.00969366668872651,"SAA2"
"G Alpha (S) Signaling Events R-HSA-418555","1/153",0.967942509487258,0.999995949488124,0,0,0.288833650869255,0.00941094683439979,"ADCYAP1R1"
"Metabolism Of Steroids R-HSA-8957322","1/153",0.967942509487258,0.999995949488124,0,0,0.288833650869255,0.00941094683439979,"CYP39A1"
"Neddylation R-HSA-8951664","2/237",0.969155996471393,0.999995949488124,0,0,0.372885608143967,0.0116823916189973,"ZBTB16;HIF3A"
"Toll-like Receptor Cascades R-HSA-168898","1/162",0.973837081612479,0.999995949488124,0,0,0.2725611983924,0.00722593988849869,"SAA2"
"Citric Acid (TCA) Cycle And Respiratory Electron Transport R-HSA-1428517","1/163",0.974421270086282,0.999995949488124,0,0,0.270864756158874,0.00701852658213922,"SLC25A27"
"Leishmania Infection R-HSA-9658195","2/247",0.974526010442598,0.999995949488124,0,0,0.357480679346569,0.00922445623255463,"ADCYAP1R1;WIPF3"
"Transport To Golgi And Subsequent Modification R-HSA-948021","1/164",0.974992441723547,0.999995949488124,0,0,0.269189129167476,0.00681736546704615,"DYNC1I1"
"Anti-inflammatory Response Favoring Leishmania Infection R-HSA-9662851","1/165",0.975550885956724,0.999995949488124,0,0,0.267533936651584,0.00662225584414161,"ADCYAP1R1"
"SUMO E3 Ligases SUMOylate Target Proteins R-HSA-3108232","1/168",0.977152652846415,0.999995949488124,0,0,0.262687295093072,0.00607133190265194,"PPARGC1A"
"Separation Of Sister Chromatids R-HSA-2467813","1/170",0.978161883522018,0.999995949488124,0,0,0.259551795228788,0.00573092896349526,"DYNC1I1"
"Neutrophil Degranulation R-HSA-6798695","5/468",0.979106408869651,0.999995949488124,0,0,0.470773297040346,0.00994035508465851,"TINAGL1;GSN;PKP1;ALDOC;CEACAM8"
"SUMOylation R-HSA-2990846","1/174",0.980048833266896,0.999995949488124,0,0,0.253498286820286,0.00510872022363051,"PPARGC1A"
"Intra-Golgi And Retrograde Golgi-to-ER Traffic R-HSA-6811442","1/181",0.982967901169795,0.999995949488124,0,0,0.243552036199095,0.00418393496245737,"DYNC1I1"
"Cellular Response To Chemical Stress R-HSA-9711123","1/182",0.983348552357232,0.999995949488124,0,0,0.242193945151371,0.00406683389141667,"PHGDH"
"Mitotic Prometaphase R-HSA-68877","1/186",0.984788127832116,0.999995949488124,0,0,0.236908401614284,0.00363151193430481,"DYNC1I1"
"Ub-specific Processing Proteases R-HSA-5689880","1/201",0.989164286502,0.999995949488124,0,0,0.218970588235294,0.00238565114424041,"USP17L2"
"Signaling By WNT R-HSA-195721","2/294",0.989798419750541,0.999995949488124,0,0,0.299211008604355,0.0030681016034518,"SFRP1;SOX6"
"Transcriptional Regulation By RUNX1 R-HSA-8878171","1/204",0.989875342184279,0.999995949488124,0,0,0.215701134565232,0.00219503099313553,"LIFR"
"Sensory Perception R-HSA-9709957","6/616",0.993998773312109,0.999995949488124,0,0,0.426462092508534,0.00256700601079885,"GSN;CDH23;KCNQ4;LPL;OR5P2;OTOGL"
"Mitotic Anaphase R-HSA-68882","1/232",0.994628749196851,0.999995949488124,0,0,0.189281306928366,0.00101941760315286,"DYNC1I1"
"Mitotic Metaphase And Anaphase R-HSA-2555396","1/233",0.994749057671779,0.999995949488124,0,0,0.188455687314714,0.000992177163778329,"DYNC1I1"
"Cytokine Signaling In Immune System R-HSA-1280215","7/702",0.995523526633478,0.999995949488124,0,0,0.4357270147185,0.00195489917532385,"GHR;CNTFR;CA1;PTPRZ1;MAOA;SAA2;LIFR"
"Vesicle-mediated Transport R-HSA-5653656","6/637",0.995669537515308,0.999995949488124,0,0,0.411812277196125,0.00178721013937631,"TF;SYT2;DENND2A;SAA2;EGFR;DYNC1I1"
"Hemostasis R-HSA-109582","5/576",0.996223091959068,0.999995949488124,0,0,0.37957120808643,0.00143631968226796,"ITIH3;CLEC3B;TF;VEGFD;CEACAM8"
"Cellular Responses To Stress R-HSA-2262752","7/722",0.996691323549056,0.999995949488124,0,0,0.423089754282415,0.00140218808127861,"PHGDH;HIF3A;WTIP;PPARGC1A;CRYAB;HSPA12B;DYNC1I1"
"Cellular Responses To Stimuli R-HSA-8953897","7/736",0.997329044713463,0.999995949488124,0,0,0.414656246460528,0.00110901001184483,"PHGDH;HIF3A;WTIP;PPARGC1A;CRYAB;HSPA12B;DYNC1I1"
"Membrane Trafficking R-HSA-199991","5/599",0.997422591547108,0.999995949488124,0,0,0.36443199114432,0.0009405026455353,"TF;SYT2;DENND2A;EGFR;DYNC1I1"
"SARS-CoV Infections R-HSA-9679506","2/369",0.997731178692417,0.999995949488124,0,0,0.237137543482425,0.000538633974916749,"ACE2;ATP1A2"
"Cell Cycle Checkpoints R-HSA-69620","1/271",0.997781089646631,0.999995949488124,0,0,0.161613876319759,0.000359005150999545,"DYNC1I1"
"Organelle Biogenesis And Maintenance R-HSA-1852241","1/275",0.997973535943516,0.999995949488124,0,0,0.159221521286785,0.000322984058340459,"PPARGC1A"
"Deubiquitination R-HSA-5688426","1/279",0.998149302721269,0.999995949488124,0,0,0.156898011002962,0.000290639748129141,"USP17L2"
"Asparagine N-linked Glycosylation R-HSA-446203","1/282",0.998271054393293,0.999995949488124,0,0,0.155198789069419,0.00026856249645999,"DYNC1I1"
"SARS-CoV-2 Infection R-HSA-9694516","1/283",0.998309832467075,0.999995949488124,0,0,0.154640415904496,0.000261589337467884,"ACE2"
"Antigen Processing: Ubiquitination And Proteasome Degradation R-HSA-983168","1/307",0.999019406708419,0.999995949488124,0,0,0.142334309289327,0.000139640545336873,"ZBTB16"
"Disease R-HSA-1643685","22/1736",0.999040014112198,0.999995949488124,0,0,0.543998425707531,0.00052248163931054,"CDKN1C;KANK1;KL;ADCYAP1R1;SYT2;MAML2;MAOA;WIPF3;ATP1A2;NRG2;SLC6A2;EGFR;ACE2;ADAMTS5;MRAS;ADAMTS18;RHAG;GYG2;ADAMTS8;ADAMTS9;DYNC1I1;FGF10"
"Transcriptional Regulation By TP53 R-HSA-3700989","1/354",0.999661816699272,0.999995949488124,0,0,0.123082050427493,4.16313339817085e-05,"PLAGL1"
"Class I MHC Mediated Antigen Processing And Presentation R-HSA-983169","1/378",0.999803085519604,0.999995949488124,0,0,0.11510256010178,2.26675926766174e-05,"ZBTB16"
"M Phase R-HSA-68886","1/380",0.999811732236579,0.999995949488124,0,0,0.114483219713702,2.15555288939603e-05,"DYNC1I1"
"Expression And Translocation Of Olfactory Receptors R-HSA-9752946","1/393",0.999859269475283,0.999995949488124,0,0,0.110611552313233,1.55675172349414e-05,"OR5P2"
"Olfactory Signaling Pathway R-HSA-381753","1/401",0.999882238358651,0.999995949488124,0,0,0.10835407239819,1.27607047880039e-05,"OR5P2"
"Cell Cycle, Mitotic R-HSA-69278","2/523",0.999904537887749,0.999995949488124,0,0,0.165702621419649,1.58190773194881e-05,"CDKN1C;DYNC1I1"
"Infectious Disease R-HSA-5663205","7/961",0.999929318761114,0.999995949488124,0,0,0.313073394495413,2.21291974539002e-05,"ACE2;ADCYAP1R1;SYT2;WIPF3;ATP1A2;EGFR;DYNC1I1"
"Metabolism Of Lipids R-HSA-556833","4/732",0.999940113666572,0.999995949488124,0,0,0.235662970287116,1.41134138198767e-05,"CYP39A1;PITPNM3;ENPP6;PPARGC1A"
"Adaptive Immune System R-HSA-1280218","4/733",0.999941179667159,0.999995949488124,0,0,0.235327202677241,1.38424315002462e-05,"BTNL9;ZBTB16;CD300LG;DYNC1I1"
"Generic Transcription Pathway R-HSA-212436","10/1190",0.999941492075672,0.999995949488124,0,0,0.359670411398599,2.1044184845096e-05,"MAML2;CITED1;PLAGL1;LIFR;PCK1;PPARGC1A;GRIN2B;EGFR;ZNF454;PLXNA4"
"Innate Immune System R-HSA-168249","7/1035",0.999977515242587,0.999995949488124,0,0,0.289381269410631,6.50674079413354e-06,"TINAGL1;GSN;WIPF3;PKP1;SAA2;ALDOC;CEACAM8"
"Metabolism R-HSA-1430728","22/2049",0.999977637168352,0.999995949488124,0,0,0.45192748254854,1.01064912146513e-05,"OCA2;ALDH1L1;TINAGL1;HPSE2;MAOA;LPL;NMNAT2;ADH6;SLC25A27;CYP39A1;MLXIPL;CA1;DCT;TTPA;PITPNM3;UPP2;PHGDH;ALDOC;GYG2;PCK1;ENPP6;PPARGC1A"
"Post-translational Protein Modification R-HSA-597592","11/1383",0.999987963322659,0.999995949488124,0,0,0.337495613324695,4.06235025018796e-06,"ADAMTS5;TF;ADAMTS18;ZBTB16;HRC;HIF3A;USP17L2;ADAMTS8;PPARGC1A;ADAMTS9;DYNC1I1"
"RNA Polymerase II Transcription R-HSA-73857","10/1312",0.999988128861043,0.999995949488124,0,0,0.323804557209906,3.84395170962124e-06,"MAML2;CITED1;PLAGL1;LIFR;PCK1;PPARGC1A;GRIN2B;EGFR;ZNF454;PLXNA4"
"Cell Cycle R-HSA-1640170","2/654",0.999990689817934,0.999995949488124,0,0,0.131498407133815,1.2242798109713e-06,"CDKN1C;DYNC1I1"
"Gene Expression (Transcription) R-HSA-74160","11/1449",0.999992769779981,0.999995949488124,0,0,0.320836874774636,2.31972958081874e-06,"MAML2;CITED1;NFIB;PLAGL1;LIFR;PCK1;PPARGC1A;GRIN2B;EGFR;ZNF454;PLXNA4"
"Metabolism Of Proteins R-HSA-392499","17/1890",0.999993228544806,0.999995949488124,0,0,0.376774976250097,2.55132350816524e-06,"GSN;ZBTB16;HIF3A;USP17L2;ACE2;ADAMTS5;TF;ADAMTS18;HRC;SAA2;IGFBP6;ADAMTS8;PPARGC1A;ADAMTS9;DYNC1I1;RGS6;PAPPA2"
"Immune System R-HSA-168256","17/1943",0.999994084993635,0.999995949488124,0,0,0.365308674476767,2.16080952546438e-06,"BTNL9;CNTFR;TINAGL1;GSN;MAOA;ZBTB16;WIPF3;LIFR;GHR;CA1;PTPRZ1;PKP1;SAA2;ALDOC;CEACAM8;CD300LG;DYNC1I1"
"Metabolism Of RNA R-HSA-8953854","1/666",0.999995949488124,0.999995949488124,0,0,0.0642738066886674,2.60342344569647e-07,"IGF2BP2"
